total_reward,energy,overshoot,vel_pen,sym_pen
-100.8900,17.8122,0.0000,0.0000,0.0000
-100.1449,2.9102,0.0000,0.0000,0.0000
-100.3824,7.6607,0.0000,0.0000,0.0000
-100.3330,6.6728,0.0000,0.0000,0.0000
-100.5112,10.2371,0.0000,0.0000,0.0000
-100.5809,11.6295,0.0000,0.0000,0.0000
-100.2391,4.7951,0.0000,0.0000,0.0000
-100.2642,5.2965,0.0000,0.0000,0.0000
-100.7211,14.4342,0.0000,0.0000,0.0000
-100.4263,8.5376,0.0000,0.0000,0.0000
-100.7454,14.9203,0.0000,0.0000,0.0000
-100.2531,5.0750,0.0000,0.0000,0.0000
-100.8836,17.6846,0.0000,0.0000,0.0000
-100.4897,9.8065,0.0000,0.0000,0.0000
-100.5271,10.5556,0.0000,0.0000,0.0000
-100.1941,3.8933,0.0000,0.0000,0.0000
-100.5218,10.4499,0.0000,0.0000,0.0000
-100.2581,5.1743,0.0000,0.0000,0.0000
-100.4375,8.7621,0.0000,0.0000,0.0000
20.1840,22.5806,0.0161,0.0104,0.0153
-100.6441,12.8950,0.0000,0.0000,0.0000
-100.1754,3.5198,0.0000,0.0000,0.0000
-100.5289,10.5917,0.0000,0.0000,0.0000
12.5809,23.6115,0.0521,0.0182,0.0424
-100.2741,5.4938,0.0000,0.0000,0.0000
-100.4579,9.1702,0.0000,0.0000,0.0000
-100.2268,4.5491,0.0000,0.0000,0.0000
-100.5984,11.9817,0.0000,0.0000,0.0000
-100.3268,6.5491,0.0000,0.0000,0.0000
-100.2255,4.5229,0.0000,0.0000,0.0000
-100.2913,5.8395,0.0000,0.0000,0.0000
-100.2610,5.2332,0.0000,0.0000,0.0000
-100.3662,7.3373,0.0000,0.0000,0.0000
-100.9884,19.7822,0.0000,0.0000,0.0000
-100.3205,6.4236,0.0000,0.0000,0.0000
-100.2842,5.6965,0.0000,0.0000,0.0000
-100.9545,19.1036,0.0000,0.0000,0.0000
-100.9442,18.8977,0.0000,0.0000,0.0000
-100.1820,3.6518,0.0000,0.0000,0.0000
-100.4630,9.2709,0.0000,0.0000,0.0000
-100.6298,12.6068,0.0000,0.0000,0.0000
-100.3095,6.2030,0.0000,0.0000,0.0000
-100.3043,6.0995,0.0000,0.0000,0.0000
-100.7424,14.8607,0.0000,0.0000,0.0000
-100.1630,3.2711,0.0000,0.0000,0.0000
-100.2184,4.3807,0.0000,0.0000,0.0000
-100.5261,10.5356,0.0000,0.0000,0.0000
-100.2370,4.7515,0.0000,0.0000,0.0000
-100.5877,11.7680,0.0000,0.0000,0.0000
-100.4238,8.4889,0.0000,0.0000,0.0000
-100.1964,3.9408,0.0000,0.0000,0.0000
-100.1373,2.7583,0.0000,0.0000,0.0000
-100.2753,5.5167,0.0000,0.0000,0.0000
-100.3893,7.7994,0.0000,0.0000,0.0000
-100.2519,5.0506,0.0000,0.0000,0.0000
-100.0929,1.8708,0.0000,0.0000,0.0000
-100.1803,3.6192,0.0000,0.0000,0.0000
-100.1230,2.4715,0.0000,0.0000,0.0000
-100.2356,4.7255,0.0000,0.0000,0.0000
-100.1562,3.1372,0.0000,0.0000,0.0000
-100.1864,3.7395,0.0000,0.0000,0.0000
-100.1085,2.1823,0.0000,0.0000,0.0000
-100.0806,1.6235,0.0000,0.0000,0.0000
-100.1790,3.5939,0.0000,0.0000,0.0000
-100.0826,1.6647,0.0000,0.0000,0.0000
-100.1394,2.8002,0.0000,0.0000,0.0000
-100.2051,4.1151,0.0000,0.0000,0.0000
-100.0789,1.5893,0.0000,0.0000,0.0000
-100.4179,8.3702,0.0000,0.0000,0.0000
-100.1905,3.8238,0.0000,0.0000,0.0000
-100.1004,2.0197,0.0000,0.0000,0.0000
-100.1111,2.2325,0.0000,0.0000,0.0000
-100.1845,3.7033,0.0000,0.0000,0.0000
-100.1091,2.1942,0.0000,0.0000,0.0000
-100.0324,0.6588,0.0000,0.0000,0.0000
-100.1071,2.1543,0.0000,0.0000,0.0000
-100.0612,1.2357,0.0000,0.0000,0.0000
-100.1901,3.8141,0.0000,0.0000,0.0000
-100.1565,3.1409,0.0000,0.0000,0.0000
-100.1617,3.2471,0.0000,0.0000,0.0000
-100.1604,3.2208,0.0000,0.0000,0.0000
-100.1914,3.8396,0.0000,0.0000,0.0000
-100.1353,2.7174,0.0000,0.0000,0.0000
-100.0777,1.5653,0.0000,0.0000,0.0000
-100.0442,0.8948,0.0000,0.0000,0.0000
-100.1140,2.2918,0.0000,0.0000,0.0000
-100.0936,1.8831,0.0000,0.0000,0.0000
-100.0989,1.9889,0.0000,0.0000,0.0000
-100.1661,3.3351,0.0000,0.0000,0.0000
-100.1575,3.1613,0.0000,0.0000,0.0000
-100.0534,1.0794,0.0000,0.0000,0.0000
-100.0980,1.9726,0.0000,0.0000,0.0000
-100.0949,1.9096,0.0000,0.0000,0.0000
-100.3901,7.8160,0.0000,0.0000,0.0000
-100.2177,4.3662,0.0000,0.0000,0.0000
-100.1058,2.1275,0.0000,0.0000,0.0000
-100.1438,2.8879,0.0000,0.0000,0.0000
-100.1229,2.4691,0.0000,0.0000,0.0000
-100.0438,0.8878,0.0000,0.0000,0.0000
-100.0249,0.5078,0.0000,0.0000,0.0000
-100.0408,0.8273,0.0000,0.0000,0.0000
-100.0569,1.1500,0.0000,0.0000,0.0000
-100.0390,0.7905,0.0000,0.0000,0.0000
-100.0312,0.6347,0.0000,0.0000,0.0000
-100.1413,2.8375,0.0000,0.0000,0.0000
-100.0985,1.9819,0.0000,0.0000,0.0000
-100.0461,0.9318,0.0000,0.0000,0.0000
-100.0699,1.4074,0.0000,0.0000,0.0000
-100.1285,2.5821,0.0000,0.0000,0.0000
-100.0394,0.7985,0.0000,0.0000,0.0000
-100.0299,0.6078,0.0000,0.0000,0.0000
-100.0165,0.3385,0.0000,0.0000,0.0000
-100.0144,0.2964,0.0000,0.0000,0.0000
-100.0035,0.0772,0.0000,0.0000,0.0000
-100.0141,0.2902,0.0000,0.0000,0.0000
-100.0604,1.2195,0.0000,0.0000,0.0000
-100.0149,0.3065,0.0000,0.0000,0.0000
-100.0181,0.3717,0.0000,0.0000,0.0000
-100.0388,0.7883,0.0000,0.0000,0.0000
-100.0505,1.0204,0.0000,0.0000,0.0000
-100.0457,0.9249,0.0000,0.0000,0.0000
-100.0350,0.7102,0.0000,0.0000,0.0000
-100.0693,1.3965,0.0000,0.0000,0.0000
-100.0709,1.4295,0.0000,0.0000,0.0000
-100.0286,0.5824,0.0000,0.0000,0.0000
-100.0224,0.4584,0.0000,0.0000,0.0000
-100.0095,0.1995,0.0000,0.0000,0.0000
-99.9996,0.0000,0.0000,0.0000,0.0000
-99.9996,0.0000,0.0000,0.0000,0.0000
-99.9996,0.0000,0.0000,0.0000,0.0000
-99.9996,0.0000,0.0000,0.0000,0.0000
-99.9996,0.0000,0.0000,0.0000,0.0000
-99.9996,0.0000,0.0000,0.0000,0.0000
-99.9996,0.0000,0.0000,0.0000,0.0000
-99.9998,0.0039,0.0000,0.0000,0.0000
-99.9998,0.0048,0.0000,0.0000,0.0000
-100.0102,0.2127,0.0000,0.0000,0.0000
-100.0179,0.3670,0.0000,0.0000,0.0000
-100.0273,0.5553,0.0000,0.0000,0.0000
-100.0354,0.7188,0.0000,0.0000,0.0000
-100.2193,4.3958,0.0000,0.0000,0.0000
-100.5479,10.9692,0.0000,0.0000,0.0000
-100.0264,0.5376,0.0000,0.0000,0.0000
8.0558,20.9555,0.0000,0.0010,0.0019
42.4052,18.0823,0.0397,0.0185,0.0314
42.4150,18.0971,0.0400,0.0186,0.0316
42.3408,17.9948,0.0381,0.0179,0.0304
42.1997,17.8071,0.0350,0.0120,0.0314
40.2230,18.1881,0.0361,0.0174,0.0288
41.3039,18.0917,0.0373,0.0177,0.0302
37.1038,18.7993,0.0340,0.0156,0.0269
38.1337,18.5405,0.0343,0.0170,0.0300
39.2517,18.4671,0.0365,0.0182,0.0329
38.1018,18.4435,0.0334,0.0166,0.0294
37.1070,18.6427,0.0339,0.0156,0.0268
40.2445,18.2475,0.0367,0.0176,0.0291
39.1186,18.2903,0.0337,0.0170,0.0299
40.2213,18.1799,0.0361,0.0173,0.0287
40.3452,18.4321,0.0387,0.0192,0.0333
40.2283,18.1912,0.0362,0.0174,0.0288
38.0965,18.4179,0.0333,0.0165,0.0293
39.1485,18.3696,0.0345,0.0175,0.0304
37.2644,18.8819,0.0372,0.0180,0.0332
38.3127,18.7262,0.0383,0.0187,0.0343
40.2515,18.2113,0.0368,0.0176,0.0292
43.2830,17.7510,0.0370,0.0173,0.0284
40.3134,18.3404,0.0378,0.0188,0.0326
41.3769,18.2357,0.0393,0.0184,0.0315
40.3570,18.4272,0.0390,0.0193,0.0335
41.2265,18.0302,0.0360,0.0180,0.0309
41.4063,18.2496,0.0400,0.0187,0.0320
41.2927,18.1078,0.0370,0.0176,0.0300
41.3468,18.1850,0.0385,0.0181,0.0310
41.4378,18.2671,0.0408,0.0190,0.0324
41.1961,17.9988,0.0352,0.0177,0.0307
40.2864,18.3392,0.0372,0.0186,0.0321
40.3203,18.4199,0.0381,0.0190,0.0328
40.1247,18.1488,0.0336,0.0174,0.0279
40.3368,18.4152,0.0385,0.0191,0.0331
40.2185,18.1738,0.0360,0.0173,0.0287
39.2868,18.5335,0.0374,0.0187,0.0334
40.2200,18.1986,0.0360,0.0173,0.0287
39.1714,18.4057,0.0351,0.0178,0.0303
37.2413,18.8575,0.0374,0.0163,0.0285
38.2778,18.6980,0.0374,0.0183,0.0336
39.3012,18.5404,0.0378,0.0188,0.0336
39.2799,18.5251,0.0372,0.0186,0.0333
40.0776,18.0744,0.0324,0.0127,0.0300
40.3472,18.4094,0.0387,0.0192,0.0333
41.2971,18.1216,0.0372,0.0176,0.0301
40.1200,18.1389,0.0335,0.0173,0.0279
40.2428,18.2498,0.0367,0.0176,0.0291
39.1473,18.3916,0.0345,0.0175,0.0304
38.2810,18.7187,0.0375,0.0183,0.0336
38.2608,18.6860,0.0369,0.0181,0.0332
38.1075,18.4833,0.0336,0.0167,0.0295
38.1581,18.6014,0.0350,0.0173,0.0304
38.2575,18.7036,0.0369,0.0181,0.0332
38.1432,18.5983,0.0346,0.0172,0.0302
37.2118,18.8363,0.0367,0.0162,0.0281
38.1221,18.5336,0.0340,0.0169,0.0298
39.1502,18.3836,0.0345,0.0176,0.0303
39.1333,18.3161,0.0340,0.0173,0.0302
40.3182,18.3880,0.0380,0.0189,0.0328
41.1364,17.9543,0.0337,0.0126,0.0329
41.2291,18.0647,0.0361,0.0180,0.0310
40.2395,18.2363,0.0366,0.0175,0.0290
39.2499,18.4925,0.0365,0.0182,0.0329
38.1471,18.6239,0.0347,0.0172,0.0302
38.1456,18.5814,0.0346,0.0172,0.0302
38.1139,18.5214,0.0338,0.0168,0.0296
39.2839,18.5219,0.0373,0.0186,0.0334
38.1385,18.5457,0.0344,0.0171,0.0300
39.1421,18.3703,0.0343,0.0175,0.0304
39.3181,18.5716,0.0382,0.0190,0.0339
40.2532,18.2513,0.0369,0.0177,0.0292
40.2455,18.2881,0.0361,0.0181,0.0313
40.2337,18.2898,0.0358,0.0180,0.0311
41.2281,18.0487,0.0360,0.0180,0.0310
41.3837,18.2458,0.0394,0.0185,0.0316
41.1900,17.9735,0.0350,0.0176,0.0306
41.1386,17.9578,0.0337,0.0126,0.0329
41.1369,17.9442,0.0337,0.0126,0.0329
41.2298,18.0818,0.0361,0.0180,0.0310
40.2651,18.3245,0.0366,0.0183,0.0317
40.2523,18.2592,0.0369,0.0177,0.0292
39.1325,18.3392,0.0341,0.0173,0.0302
38.2705,18.6938,0.0372,0.0182,0.0334
39.2990,18.5625,0.0377,0.0188,0.0336
40.2222,18.1959,0.0361,0.0174,0.0288
40.2638,18.3383,0.0366,0.0183,0.0317
41.2123,18.0539,0.0357,0.0179,0.0308
41.2838,18.0974,0.0368,0.0175,0.0299
41.2355,18.0633,0.0362,0.0181,0.0310
40.2211,18.1642,0.0360,0.0173,0.0287
40.2221,18.2271,0.0361,0.0174,0.0288
39.2671,18.4879,0.0369,0.0184,0.0331
39.1521,18.4077,0.0346,0.0176,0.0303
39.2588,18.4871,0.0367,0.0183,0.0330
40.2409,18.3006,0.0360,0.0181,0.0313
39.1585,18.4147,0.0348,0.0177,0.0303
40.2811,18.3058,0.0370,0.0185,0.0320
41.3100,18.1310,0.0375,0.0177,0.0303
41.3040,18.1119,0.0373,0.0177,0.0302
41.3777,18.2139,0.0393,0.0184,0.0315
40.1280,18.1802,0.0337,0.0174,0.0280
40.2394,18.2389,0.0366,0.0175,0.0290
40.2846,18.3478,0.0371,0.0186,0.0321
41.2096,18.0654,0.0356,0.0179,0.0308
40.2359,18.2039,0.0364,0.0175,0.0290
39.2869,18.5391,0.0374,0.0187,0.0334
41.1367,17.9756,0.0337,0.0126,0.0329
40.2634,18.3084,0.0366,0.0183,0.0317
40.2984,18.3695,0.0375,0.0187,0.0324
40.1280,18.1473,0.0337,0.0174,0.0279
40.3539,18.3821,0.0389,0.0193,0.0334
41.3129,18.1396,0.0376,0.0178,0.0304
42.3482,18.0314,0.0383,0.0180,0.0305
41.3051,18.1290,0.0374,0.0177,0.0303
41.3865,18.2197,0.0395,0.0185,0.0316
41.2294,18.0780,0.0361,0.0180,0.0310
41.1953,18.0043,0.0352,0.0177,0.0307
42.2670,17.8714,0.0368,0.0175,0.0285
41.2144,18.0379,0.0357,0.0179,0.0308
39.2671,18.5289,0.0369,0.0184,0.0331
39.1504,18.3881,0.0345,0.0176,0.0304
39.1196,18.2967,0.0337,0.0171,0.0299
38.2549,18.6403,0.0367,0.0180,0.0330
38.2547,18.6678,0.0368,0.0180,0.0331
40.1187,18.0583,0.0334,0.0172,0.0279
39.3075,18.6211,0.0380,0.0189,0.0338
38.1394,18.5847,0.0345,0.0171,0.0301
37.2259,18.8503,0.0370,0.0163,0.0283
39.3276,18.5837,0.0385,0.0191,0.0340
38.1067,18.4620,0.0336,0.0166,0.0295
39.2740,18.5045,0.0371,0.0185,0.0332
38.2605,18.6772,0.0369,0.0181,0.0332
37.2613,18.8859,0.0372,0.0179,0.0331
39.1491,18.3887,0.0345,0.0175,0.0303
38.1355,18.5604,0.0344,0.0170,0.0300
39.1316,18.3615,0.0341,0.0173,0.0302
40.2780,18.3136,0.0369,0.0185,0.0320
39.1396,18.3165,0.0342,0.0174,0.0303
41.1908,17.9899,0.0351,0.0176,0.0306
40.2482,18.2466,0.0368,0.0176,0.0292
39.1386,18.3519,0.0342,0.0174,0.0303
39.1887,18.4029,0.0355,0.0179,0.0304
42.4605,18.1892,0.0412,0.0191,0.0323
40.2805,18.3303,0.0370,0.0185,0.0320
40.2505,18.2873,0.0362,0.0182,0.0314
41.2836,18.0974,0.0368,0.0175,0.0299
42.3047,17.9880,0.0372,0.0176,0.0298
39.3292,18.5904,0.0385,0.0192,0.0340
41.3419,18.1563,0.0383,0.0181,0.0309
40.2267,18.2814,0.0363,0.0174,0.0289
39.1507,18.4075,0.0346,0.0176,0.0304
40.2600,18.2952,0.0365,0.0183,0.0316
39.1197,18.2923,0.0337,0.0171,0.0299
40.2242,18.1982,0.0362,0.0174,0.0288
40.2500,18.2629,0.0362,0.0182,0.0314
40.0404,18.1209,0.0314,0.0165,0.0260
40.3253,18.4244,0.0382,0.0190,0.0329
39.2842,18.5175,0.0373,0.0186,0.0334
40.3514,18.4387,0.0389,0.0193,0.0334
42.2862,17.9202,0.0366,0.0174,0.0294
39.1250,18.2750,0.0338,0.0171,0.0300
40.3546,18.4278,0.0389,0.0193,0.0334
40.2583,18.3064,0.0364,0.0183,0.0316
39.3334,18.5801,0.0386,0.0192,0.0341
40.2196,18.1853,0.0360,0.0173,0.0287
41.2082,18.1016,0.0356,0.0179,0.0308
39.1482,18.3443,0.0344,0.0175,0.0304
38.1001,18.3490,0.0333,0.0165,0.0293
41.1317,18.0149,0.0336,0.0126,0.0329
41.1325,18.0376,0.0337,0.0126,0.0329
41.2268,18.0617,0.0360,0.0180,0.0310
42.2702,17.8640,0.0368,0.0175,0.0285
42.3248,17.9950,0.0377,0.0178,0.0301
42.2996,17.9984,0.0370,0.0176,0.0297
39.1678,18.4104,0.0350,0.0177,0.0303
41.2148,18.0842,0.0358,0.0179,0.0309
41.1368,17.9464,0.0337,0.0126,0.0329
44.3026,17.6459,0.0366,0.0166,0.0296
42.2875,17.9462,0.0367,0.0174,0.0295
41.4106,18.2582,0.0401,0.0188,0.0320
41.2118,18.0602,0.0357,0.0179,0.0308
44.2940,17.6356,0.0364,0.0164,0.0295
39.2788,18.5216,0.0372,0.0186,0.0333
42.3789,18.0281,0.0390,0.0183,0.0310
41.3749,18.1944,0.0392,0.0184,0.0314
42.2583,17.9427,0.0366,0.0174,0.0284
43.2706,17.7184,0.0366,0.0172,0.0283
42.3263,18.0359,0.0377,0.0178,0.0302
42.3232,17.9150,0.0375,0.0177,0.0300
40.2695,18.2964,0.0367,0.0184,0.0318
41.3633,18.2934,0.0390,0.0183,0.0313
41.1925,17.9305,0.0350,0.0176,0.0306
40.2484,18.1803,0.0367,0.0176,0.0291
40.3059,18.3711,0.0377,0.0188,0.0325
40.2510,18.2764,0.0369,0.0177,0.0292
43.4034,17.9149,0.0394,0.0184,0.0310
42.3334,18.0359,0.0379,0.0179,0.0303
42.3501,18.0243,0.0383,0.0180,0.0305
43.3819,17.9791,0.0390,0.0182,0.0307
32.7487,20.1346,0.0528,0.0190,0.0403
38.2656,18.6555,0.0370,0.0181,0.0333
42.4742,18.0900,0.0414,0.0191,0.0324
38.1067,18.3794,0.0335,0.0166,0.0294
39.3184,18.4403,0.0381,0.0190,0.0338
41.4193,18.3490,0.0404,0.0189,0.0322
40.2554,18.2960,0.0370,0.0177,0.0293
42.4786,18.2033,0.0417,0.0192,0.0325
41.1982,18.0030,0.0353,0.0177,0.0307
36.0430,18.9460,0.0328,0.0142,0.0251
42.2597,17.7988,0.0365,0.0174,0.0283
42.2458,17.8610,0.0362,0.0173,0.0282
42.3236,17.9512,0.0376,0.0178,0.0300
42.2971,18.1473,0.0372,0.0176,0.0298
44.2592,17.5549,0.0361,0.0112,0.0320
40.2246,18.1324,0.0361,0.0173,0.0288
37.2619,18.9573,0.0380,0.0165,0.0287
41.2072,17.9807,0.0354,0.0178,0.0308
42.3122,17.9602,0.0373,0.0177,0.0299
43.2048,17.7784,0.0343,0.0160,0.0281
41.4125,18.2084,0.0401,0.0188,0.0320
42.4922,18.1183,0.0419,0.0193,0.0327
39.2468,18.7137,0.0367,0.0183,0.0330
42.3567,17.9895,0.0384,0.0181,0.0306
44.2559,17.5539,0.0360,0.0112,0.0320
40.2931,18.4259,0.0374,0.0187,0.0323
41.3137,18.2312,0.0377,0.0178,0.0305
45.3807,17.5993,0.0383,0.0169,0.0307
44.4844,17.8447,0.0413,0.0189,0.0319
45.4827,17.7719,0.0411,0.0182,0.0319
43.3024,17.7603,0.0368,0.0173,0.0295
43.4990,17.9747,0.0419,0.0191,0.0325
42.2956,17.8020,0.0367,0.0174,0.0295
44.2877,17.6388,0.0362,0.0163,0.0294
45.4248,17.6640,0.0395,0.0175,0.0312
43.2817,17.8328,0.0364,0.0170,0.0293
43.4562,18.0534,0.0409,0.0188,0.0318
41.3334,18.1512,0.0381,0.0180,0.0307
44.3545,17.6385,0.0379,0.0172,0.0304
42.2832,17.8643,0.0365,0.0173,0.0293
43.4830,18.0162,0.0415,0.0190,0.0322
43.4704,18.0132,0.0412,0.0189,0.0320
40.2631,18.3598,0.0366,0.0183,0.0317
43.2933,17.6435,0.0371,0.0173,0.0285
40.3383,18.4599,0.0386,0.0192,0.0332
43.4650,17.9622,0.0410,0.0189,0.0319
43.3211,17.7657,0.0372,0.0176,0.0297
44.4610,17.8031,0.0406,0.0187,0.0315
46.3125,17.3185,0.0363,0.0151,0.0301
45.3093,17.5434,0.0365,0.0159,0.0299
42.3331,17.9792,0.0378,0.0179,0.0302
43.2346,17.5954,0.0356,0.0116,0.0317
42.3717,17.9949,0.0388,0.0182,0.0308
44.4159,17.8061,0.0395,0.0183,0.0309
42.2700,17.8058,0.0368,0.0175,0.0285
43.3026,17.7613,0.0375,0.0174,0.0286
43.4453,17.9902,0.0406,0.0187,0.0316
44.3181,17.6548,0.0377,0.0168,0.0289
32.2956,19.5431,0.0000,0.0019,0.0032
42.2035,17.7365,0.0350,0.0120,0.0314
46.4657,17.6133,0.0404,0.0171,0.0320
43.2745,17.7576,0.0368,0.0172,0.0283
41.1680,17.9437,0.0344,0.0174,0.0300
43.4143,17.9155,0.0397,0.0185,0.0312
43.4491,18.0525,0.0407,0.0188,0.0317
42.3732,18.0005,0.0389,0.0182,0.0309
42.4416,18.2281,0.0408,0.0189,0.0320
40.3582,18.4970,0.0391,0.0194,0.0335
42.4843,18.1882,0.0418,0.0193,0.0326
42.2998,17.9673,0.0370,0.0175,0.0297
43.4179,17.9330,0.0398,0.0185,0.0312
42.3306,17.9318,0.0377,0.0178,0.0301
44.2934,17.7048,0.0364,0.0165,0.0295
38.2830,18.6278,0.0374,0.0183,0.0336
35.9778,18.7776,0.0311,0.0124,0.0257
40.2421,18.3862,0.0368,0.0176,0.0292
43.4238,17.9374,0.0400,0.0185,0.0313
42.2574,17.7566,0.0364,0.0173,0.0283
41.3314,18.0979,0.0380,0.0179,0.0307
43.2882,17.6879,0.0370,0.0173,0.0284
39.1542,18.5037,0.0348,0.0177,0.0303
39.1277,18.2256,0.0338,0.0171,0.0300
40.2669,18.2564,0.0366,0.0183,0.0317
37.0040,18.4830,0.0311,0.0134,0.0274
44.2997,17.6088,0.0371,0.0167,0.0286
41.2296,18.1418,0.0362,0.0181,0.0310
40.2901,18.3372,0.0372,0.0186,0.0322
41.2953,18.2239,0.0372,0.0176,0.0302
42.2540,17.9696,0.0366,0.0174,0.0284
42.3596,18.0119,0.0385,0.0181,0.0307
41.4393,18.3547,0.0409,0.0191,0.0326
39.1351,18.2962,0.0341,0.0173,0.0302
36.0353,19.1084,0.0329,0.0142,0.0251
38.1357,18.5248,0.0343,0.0170,0.0300
40.2367,18.2463,0.0358,0.0180,0.0311
41.1350,17.9867,0.0337,0.0126,0.0329
42.3588,17.9705,0.0385,0.0181,0.0306
44.3282,17.8388,0.0374,0.0171,0.0300
42.2559,17.7900,0.0364,0.0173,0.0283
42.2881,17.9078,0.0373,0.0176,0.0288
41.2998,18.1034,0.0372,0.0176,0.0302
41.3717,18.3601,0.0393,0.0184,0.0315
37.9651,18.4295,0.0299,0.0124,0.0293
38.1442,18.5278,0.0345,0.0171,0.0301
38.2975,18.7842,0.0380,0.0186,0.0341
42.3520,18.0164,0.0384,0.0180,0.0305
45.3005,17.5563,0.0363,0.0158,0.0298
38.1190,18.5834,0.0340,0.0169,0.0298
39.1171,18.3073,0.0336,0.0170,0.0299
37.2873,18.9380,0.0379,0.0182,0.0338
30.9185,20.3386,0.0338,0.0148,0.0253
38.2854,18.6780,0.0375,0.0184,0.0337
39.2613,18.4420,0.0367,0.0183,0.0330
39.1287,18.3876,0.0340,0.0173,0.0302
40.3131,18.3203,0.0378,0.0188,0.0326
42.2571,17.8839,0.0365,0.0174,0.0284
41.3212,18.1256,0.0378,0.0178,0.0305
36.0287,19.1529,0.0326,0.0156,0.0267
39.2763,18.6720,0.0373,0.0186,0.0334
41.1831,18.0625,0.0349,0.0176,0.0304
39.1648,18.4593,0.0350,0.0177,0.0303
42.2898,17.9306,0.0374,0.0177,0.0288
40.0876,17.9126,0.0324,0.0127,0.0300
40.1187,18.1646,0.0335,0.0173,0.0279
38.1116,18.5781,0.0338,0.0168,0.0296
42.4429,18.0713,0.0407,0.0189,0.0319
42.2800,17.8545,0.0371,0.0176,0.0286
37.2257,18.9193,0.0371,0.0163,0.0283
42.2991,17.9425,0.0370,0.0175,0.0297
42.2513,17.8656,0.0364,0.0173,0.0283
40.2529,18.4359,0.0365,0.0183,0.0316
39.1179,18.2224,0.0336,0.0170,0.0298
41.2248,18.0586,0.0360,0.0180,0.0309
38.2809,18.7349,0.0375,0.0183,0.0337
41.3535,18.2028,0.0386,0.0182,0.0311
40.2377,18.2357,0.0358,0.0180,0.0311
37.0003,18.5533,0.0309,0.0148,0.0253
42.3987,17.9276,0.0394,0.0184,0.0312
44.3150,17.5931,0.0375,0.0168,0.0288
38.1637,18.5765,0.0351,0.0174,0.0305
40.2544,18.2113,0.0369,0.0177,0.0292
40.3052,18.4954,0.0378,0.0188,0.0326
41.2359,17.9854,0.0361,0.0181,0.0310
43.4067,17.9224,0.0395,0.0184,0.0310
40.2183,18.1398,0.0359,0.0173,0.0287
37.0007,18.5126,0.0311,0.0134,0.0273
41.2324,18.1088,0.0362,0.0181,0.0310
38.2956,18.7886,0.0379,0.0185,0.0340
37.1653,18.7891,0.0355,0.0159,0.0276
36.0461,18.8386,0.0328,0.0142,0.0251
38.1320,18.5868,0.0343,0.0170,0.0300
40.2331,18.2929,0.0358,0.0180,0.0311
41.3851,18.3190,0.0396,0.0185,0.0317
42.3865,18.0608,0.0393,0.0184,0.0311
39.1250,18.4228,0.0340,0.0173,0.0302
39.2497,18.6301,0.0366,0.0183,0.0330
32.2899,19.6725,0.0000,0.0019,0.0032
39.3036,18.5377,0.0378,0.0188,0.0336
38.1340,18.5897,0.0344,0.0170,0.0300
39.2461,18.5139,0.0364,0.0182,0.0328
40.2430,18.2849,0.0360,0.0181,0.0313
37.2310,18.9538,0.0373,0.0163,0.0284
40.2539,18.1977,0.0362,0.0182,0.0314
41.4439,18.3000,0.0410,0.0191,0.0326
39.3109,18.5073,0.0380,0.0189,0.0337
37.1093,18.6223,0.0339,0.0156,0.0268
40.2368,18.3679,0.0360,0.0181,0.0312
39.1523,18.3848,0.0346,0.0176,0.0303
41.1613,18.0201,0.0343,0.0174,0.0300
42.4752,18.1238,0.0415,0.0192,0.0324
42.3320,17.9407,0.0378,0.0178,0.0302
44.4109,17.7555,0.0394,0.0182,0.0308
42.2813,17.8821,0.0371,0.0176,0.0287
40.3742,18.4466,0.0395,0.0195,0.0337
43.2900,17.6732,0.0370,0.0173,0.0284
44.2839,17.6651,0.0361,0.0163,0.0294
41.4471,18.4022,0.0412,0.0192,0.0327
37.2287,18.7008,0.0368,0.0162,0.0281
38.2800,18.6292,0.0373,0.0183,0.0335
41.3731,18.2323,0.0392,0.0184,0.0314
42.3477,17.9503,0.0382,0.0180,0.0304
40.2904,18.3406,0.0373,0.0186,0.0322
39.2470,18.5041,0.0364,0.0182,0.0328
36.0521,19.0876,0.0331,0.0157,0.0270
40.1438,18.1314,0.0339,0.0167,0.0275
40.2341,18.1946,0.0364,0.0175,0.0289
33.7951,20.0391,0.0530,0.0194,0.0403
41.2110,18.0479,0.0356,0.0179,0.0308
41.2877,18.0365,0.0368,0.0175,0.0299
39.0919,18.0942,0.0327,0.0168,0.0292
38.1045,18.4536,0.0335,0.0166,0.0294
41.3093,18.1566,0.0375,0.0177,0.0304
43.2845,17.7835,0.0370,0.0173,0.0284
40.3017,18.3085,0.0375,0.0187,0.0324
36.0304,18.8169,0.0324,0.0141,0.0249
33.6705,20.0017,0.0508,0.0186,0.0386
39.2552,18.4045,0.0365,0.0182,0.0329
44.3282,17.7839,0.0374,0.0171,0.0300
41.1715,17.9773,0.0345,0.0175,0.0302
42.2606,17.8060,0.0365,0.0174,0.0284
41.3143,18.0254,0.0375,0.0177,0.0303
40.1285,18.0683,0.0336,0.0174,0.0279
41.3470,18.1693,0.0384,0.0181,0.0310
43.2753,17.7576,0.0368,0.0172,0.0283
41.4397,18.3524,0.0409,0.0191,0.0325
42.2790,17.8672,0.0370,0.0176,0.0286
39.2945,18.4814,0.0375,0.0187,0.0335
42.3852,18.0909,0.0393,0.0184,0.0311
41.4468,18.3566,0.0411,0.0192,0.0326
42.3028,17.9014,0.0370,0.0175,0.0297
42.4546,18.1077,0.0410,0.0190,0.0321
42.2010,17.7577,0.0350,0.0120,0.0314
40.2862,18.2619,0.0371,0.0185,0.0318
43.3202,17.7778,0.0372,0.0176,0.0297
43.4037,17.9341,0.0395,0.0184,0.0310
40.3351,18.5961,0.0387,0.0192,0.0332
42.2983,17.8098,0.0368,0.0175,0.0295
42.1381,17.8519,0.0333,0.0163,0.0264
44.2977,17.5376,0.0370,0.0166,0.0286
40.2749,18.5620,0.0372,0.0186,0.0321
39.3073,18.4159,0.0378,0.0188,0.0336
38.1408,18.7489,0.0347,0.0172,0.0302
42.4026,18.0719,0.0397,0.0185,0.0313
43.3066,17.9098,0.0371,0.0175,0.0296
45.3274,17.4401,0.0376,0.0161,0.0291
39.1129,18.3314,0.0336,0.0170,0.0298
41.2927,18.1029,0.0370,0.0176,0.0300
38.2738,18.5735,0.0371,0.0182,0.0334
43.2770,17.7299,0.0368,0.0172,0.0283
41.2342,18.1268,0.0363,0.0181,0.0310
44.5369,17.9385,0.0427,0.0193,0.0326
44.3216,17.7958,0.0372,0.0170,0.0299
42.4911,18.1233,0.0419,0.0193,0.0327
39.1456,18.2715,0.0343,0.0174,0.0304
39.0623,18.2576,0.0322,0.0130,0.0316
42.4716,18.1552,0.0415,0.0191,0.0324
44.2609,17.4605,0.0360,0.0112,0.0320
44.4379,17.9817,0.0403,0.0186,0.0313
42.2321,17.9926,0.0360,0.0172,0.0279
41.2096,17.8406,0.0353,0.0177,0.0307
43.2284,17.6388,0.0355,0.0116,0.0317
46.3459,17.4888,0.0373,0.0156,0.0306
41.3969,18.3350,0.0399,0.0187,0.0319
44.2948,17.7147,0.0365,0.0165,0.0295
41.1359,17.9520,0.0336,0.0126,0.0329
41.4373,18.2191,0.0407,0.0190,0.0324
42.3210,17.9916,0.0376,0.0178,0.0300
41.4447,18.3743,0.0411,0.0191,0.0326
40.3043,18.4223,0.0377,0.0188,0.0325
42.2022,17.7981,0.0350,0.0169,0.0274
40.3364,18.3091,0.0383,0.0191,0.0330
38.9870,18.4856,0.0304,0.0161,0.0277
42.4140,18.0868,0.0400,0.0186,0.0315
43.1578,17.6703,0.0336,0.0111,0.0303
40.1433,18.2702,0.0341,0.0167,0.0276
42.3840,18.0073,0.0391,0.0183,0.0310
41.1884,18.0574,0.0351,0.0176,0.0306
43.3822,17.9504,0.0390,0.0182,0.0307
41.1751,18.1049,0.0347,0.0175,0.0299
43.3492,17.8449,0.0380,0.0179,0.0301
44.4417,17.7588,0.0401,0.0185,0.0312
45.3058,17.4950,0.0364,0.0158,0.0298
43.2755,17.9126,0.0363,0.0169,0.0292
42.3846,18.1603,0.0393,0.0184,0.0313
38.3271,18.7560,0.0387,0.0188,0.0347
39.0320,18.4594,0.0315,0.0166,0.0275
39.3257,18.5736,0.0384,0.0191,0.0340
40.3570,18.3518,0.0389,0.0193,0.0333
41.3622,18.0688,0.0387,0.0182,0.0314
45.3047,17.6040,0.0365,0.0159,0.0298
41.4113,18.1869,0.0401,0.0187,0.0321
41.1724,18.0655,0.0346,0.0175,0.0301
41.1521,17.9628,0.0339,0.0173,0.0296
42.2726,17.8754,0.0369,0.0175,0.0285
43.2292,17.6506,0.0355,0.0116,0.0317
40.3244,18.3085,0.0381,0.0189,0.0328
42.4937,18.1205,0.0420,0.0193,0.0327
43.4099,17.8837,0.0396,0.0184,0.0311
42.3780,18.0515,0.0390,0.0183,0.0312
44.4540,17.7867,0.0405,0.0186,0.0314
43.4566,17.9711,0.0408,0.0188,0.0318
42.3871,18.0981,0.0393,0.0184,0.0315
43.3225,17.7485,0.0372,0.0176,0.0297
39.1093,18.4287,0.0335,0.0172,0.0298
44.3873,17.7572,0.0388,0.0179,0.0306
42.2443,17.9248,0.0363,0.0173,0.0282
44.4089,17.7312,0.0393,0.0181,0.0309
39.3356,18.5991,0.0387,0.0192,0.0341
36.0039,19.2231,0.0321,0.0154,0.0264
42.4671,18.0557,0.0412,0.0191,0.0325
37.1616,18.8138,0.0353,0.0158,0.0273
44.2538,17.6144,0.0359,0.0161,0.0279
43.2389,17.6935,0.0357,0.0168,0.0278
38.9957,18.4176,0.0305,0.0163,0.0274
38.3032,18.7302,0.0380,0.0186,0.0341
39.3042,18.5835,0.0379,0.0189,0.0337
39.1293,18.4364,0.0340,0.0174,0.0294
41.1468,18.1299,0.0340,0.0173,0.0295
39.2538,18.4606,0.0365,0.0182,0.0329
32.2932,19.5968,0.0000,0.0019,0.0032
38.0301,18.5535,0.0316,0.0162,0.0280
37.1265,18.7907,0.0345,0.0157,0.0271
37.1231,18.9474,0.0344,0.0156,0.0268
41.3134,18.1674,0.0376,0.0178,0.0305
39.2865,18.4886,0.0374,0.0186,0.0334
38.3358,18.8032,0.0390,0.0189,0.0349
44.5759,17.9796,0.0437,0.0196,0.0333
43.3112,17.9480,0.0372,0.0176,0.0297
40.2422,18.2348,0.0360,0.0181,0.0312
39.3645,18.4739,0.0393,0.0194,0.0344
42.0877,17.8758,0.0321,0.0112,0.0293
39.0558,18.4380,0.0322,0.0167,0.0289
40.2288,18.2665,0.0363,0.0175,0.0288
42.2858,17.9274,0.0373,0.0176,0.0287
42.4231,18.1495,0.0403,0.0187,0.0322
42.4004,18.0244,0.0396,0.0185,0.0314
42.2880,17.9772,0.0367,0.0174,0.0295
42.3399,17.9482,0.0380,0.0179,0.0306
41.3116,18.0134,0.0374,0.0177,0.0304
42.4394,18.1451,0.0407,0.0189,0.0323
41.0830,18.1338,0.0324,0.0167,0.0287
41.3001,18.1755,0.0373,0.0177,0.0302
41.3685,18.1493,0.0390,0.0183,0.0316
41.4443,18.3377,0.0410,0.0191,0.0326
42.1766,17.8866,0.0344,0.0166,0.0270
42.2010,17.9080,0.0351,0.0169,0.0275
43.5885,18.0323,0.0442,0.0199,0.0342
43.5041,17.9517,0.0420,0.0192,0.0328
43.2093,17.7697,0.0350,0.0164,0.0273
40.3243,18.3355,0.0381,0.0189,0.0327
41.3327,18.0778,0.0380,0.0179,0.0309
39.3183,18.5748,0.0382,0.0191,0.0341
43.3877,17.8964,0.0391,0.0183,0.0309
40.3647,18.4890,0.0393,0.0194,0.0335
43.4579,17.9460,0.0408,0.0188,0.0318
42.3173,17.9346,0.0374,0.0177,0.0302
40.0855,18.2089,0.0324,0.0162,0.0268
40.3630,18.5037,0.0393,0.0194,0.0335
40.1234,18.1241,0.0334,0.0165,0.0272
44.3609,17.6600,0.0381,0.0173,0.0305
42.4379,18.0644,0.0405,0.0188,0.0322
40.3266,18.3685,0.0382,0.0190,0.0322
40.1062,18.1415,0.0330,0.0163,0.0270
38.0295,18.5985,0.0316,0.0162,0.0281
39.0481,18.3811,0.0318,0.0167,0.0283
35.1493,19.2812,0.0353,0.0153,0.0271
37.9513,18.3199,0.0294,0.0122,0.0289
38.0084,18.4957,0.0310,0.0160,0.0276
40.0723,18.2224,0.0321,0.0161,0.0266
42.4401,17.9420,0.0404,0.0188,0.0322
40.2912,18.3009,0.0373,0.0186,0.0319
42.3385,17.8611,0.0379,0.0179,0.0305
40.2689,18.2130,0.0366,0.0183,0.0315
43.4990,17.9804,0.0419,0.0192,0.0327
42.3824,18.0259,0.0391,0.0183,0.0314
39.4483,18.5279,0.0414,0.0198,0.0361
35.9066,19.0940,0.0293,0.0146,0.0248
37.0949,18.7770,0.0335,0.0154,0.0264
41.0400,17.9230,0.0309,0.0163,0.0273
38.2886,18.8898,0.0379,0.0186,0.0341
41.1015,18.0185,0.0327,0.0169,0.0288
38.9976,18.3421,0.0305,0.0161,0.0278
38.3543,18.6198,0.0392,0.0190,0.0352
37.9938,18.4184,0.0305,0.0157,0.0274
33.3608,19.2591,0.0000,0.0020,0.0037
41.3318,18.0684,0.0380,0.0179,0.0309
32.7461,20.2393,0.0529,0.0191,0.0403
36.9734,18.6716,0.0304,0.0147,0.0250
40.3994,18.3824,0.0400,0.0197,0.0338
39.3367,18.5043,0.0386,0.0192,0.0339
42.5421,18.2609,0.0433,0.0198,0.0341
44.4149,17.8025,0.0396,0.0182,0.0310
41.4392,18.2357,0.0408,0.0190,0.0329
43.1260,17.7597,0.0328,0.0154,0.0261
35.8584,19.1089,0.0281,0.0142,0.0241
44.3108,17.7243,0.0369,0.0167,0.0298
38.9836,18.5022,0.0303,0.0162,0.0276
41.0465,17.9626,0.0313,0.0119,0.0310
40.2779,18.2283,0.0368,0.0184,0.0307
39.0015,18.1667,0.0304,0.0160,0.0277
38.3127,18.6355,0.0382,0.0186,0.0343
42.3271,17.8610,0.0376,0.0177,0.0304
42.3868,17.9687,0.0392,0.0184,0.0315
40.0876,18.2533,0.0326,0.0163,0.0268
36.9382,18.6700,0.0295,0.0145,0.0246
36.9519,18.9400,0.0300,0.0145,0.0247
37.0349,18.8114,0.0320,0.0150,0.0257
43.1027,17.7131,0.0322,0.0107,0.0293
